date_iso,date_human,title,company,location,apply,source,department
2025-09-22,"Sep 22, 2025",Software Engineering Intern,datadog,"Madrid, Spain",https://careers.datadoghq.com/detail/7158112/?gh_jid=7158112,greenhouse,
2025-09-22,"Sep 22, 2025",Software Engineering Intern,datadog,"Paris, France",https://careers.datadoghq.com/detail/7158118/?gh_jid=7158118,greenhouse,
2025-09-19,"Sep 19, 2025",[Summer 2026 Canada] Software Engineer Intern,roblox,"Vancouver, British Columbia, Canada",https://careers.roblox.com/jobs/7206219?gh_jid=7206219,greenhouse,
2025-09-17,"Sep 17, 2025",Senior Internal Auditor,datadog,"New York, New York, USA",https://careers.datadoghq.com/detail/6993745/?gh_jid=6993745,greenhouse,
2025-09-17,"Sep 17, 2025",Operations Intern,brex,"São Paulo, São Paulo, Brazil",https://www.brex.com/careers/8172520002?gh_jid=8172520002,greenhouse,
2025-09-16,"Sep 16, 2025","Governance Risk and Compliance, Intern",brex,"São Paulo, São Paulo, Brazil",https://www.brex.com/careers/8121844002?gh_jid=8121844002,greenhouse,
2025-09-15,"Sep 15, 2025",[Summer 2026] Product Management Intern,roblox,"San Mateo, CA, United States",https://careers.roblox.com/jobs/7167598?gh_jid=7167598,greenhouse,
2025-09-12,"Sep 12, 2025",Product Management Intern,datadog,"Paris, France",https://careers.datadoghq.com/detail/7158105/?gh_jid=7158105,greenhouse,
2025-09-12,"Sep 12, 2025","Manager I, Engineering - Internal Services Platform: Workloads & Integrations",datadog,"Lisbon, Portugal",https://careers.datadoghq.com/detail/7137278/?gh_jid=7137278,greenhouse,
2025-09-12,"Sep 12, 2025",Internal Audit Lead,asana,San Francisco,https://www.asana.com/jobs/apply/7211201?gh_jid=7211201,greenhouse,
2025-09-11,"Sep 11, 2025",Applied Science Intern,datadog,"Paris, France",https://careers.datadoghq.com/detail/7158100/?gh_jid=7158100,greenhouse,
2025-09-09,"Sep 09, 2025",Software Engineer Intern (Summer 2026),block,"Bay Area, CA, United States of America",http://block.xyz/careers/jobs/4904196008?gh_jid=4904196008,greenhouse,
2025-09-08,"Sep 08, 2025",Software Engineering Intern (Summer),datadog,"Boston, Massachusetts, USA; New York, New York, USA",https://careers.datadoghq.com/detail/7158137/?gh_jid=7158137,greenhouse,
2025-09-08,"Sep 08, 2025","Software Engineer Intern, Developer Tools (2026) (London, United Kingdom)",figma,"London, England",https://boards.greenhouse.io/figma/jobs/5621177004?gh_jid=5621177004,greenhouse,
2025-09-08,"Sep 08, 2025",Software Engineer Intern (Summer 2026),block,"Toronto, Ontario , Canada",http://block.xyz/careers/jobs/4904198008?gh_jid=4904198008,greenhouse,
2025-09-08,"Sep 08, 2025","Senior Product Manager, Square International - Canada",block,"Toronto, Ontario, Canada",http://block.xyz/careers/jobs/4673576008?gh_jid=4673576008,greenhouse,
2025-09-08,"Sep 08, 2025","Senior Frontend Software Engineer, Square International",block,"London, United Kingdom",http://block.xyz/careers/jobs/4914203008?gh_jid=4914203008,greenhouse,
2025-09-08,"Sep 08, 2025","Senior Frontend Software Engineer, Square International",block,"Dublin, Ireland",http://block.xyz/careers/jobs/4903276008?gh_jid=4903276008,greenhouse,
2025-09-08,"Sep 08, 2025",Product Management Intern,datadog,"New York, New York, USA",https://careers.datadoghq.com/detail/7127832/?gh_jid=7127832,greenhouse,
2025-09-08,"Sep 08, 2025","PhD Intern, Software Engineer - Graphics (2026)",figma,"San Francisco, CA • New York, NY",https://boards.greenhouse.io/figma/jobs/5609067004?gh_jid=5609067004,greenhouse,
2025-09-08,"Sep 08, 2025","PhD Intern, Security Engineer (2026)",figma,"San Francisco, CA • New York, NY",https://boards.greenhouse.io/figma/jobs/5611154004?gh_jid=5611154004,greenhouse,
2025-09-08,"Sep 08, 2025","PhD Intern, AI Applied Scientist (2026)",figma,"San Francisco, CA • New York, NY",https://boards.greenhouse.io/figma/jobs/5598934004?gh_jid=5598934004,greenhouse,
2025-09-08,"Sep 08, 2025",Internal Audit Senior Manager - Regulatory Compliance,block,"Bay Area, CA, United States of America",http://block.xyz/careers/jobs/4899263008?gh_jid=4899263008,greenhouse,
2025-09-05,"Sep 05, 2025",Engineering Manager - Internal Developer Experience,discord,San Francisco Bay Area,https://job-boards.greenhouse.io/discord/jobs/8150540002,greenhouse,
2025-09-03,"Sep 03, 2025","Senior Security Engineer, Internal Trust",datadog,"New York, New York, USA",https://careers.datadoghq.com/detail/6574046/?gh_jid=6574046,greenhouse,
2025-09-02,"Sep 02, 2025",Senior Product Designer - Internal Tools,datadog,"New York, New York, USA",https://careers.datadoghq.com/detail/6871675/?gh_jid=6871675,greenhouse,
2025-09-02,"Sep 02, 2025",[Summer 2026] Product Design Intern,roblox,"San Mateo, CA, United States",https://careers.roblox.com/jobs/7167364?gh_jid=7167364,greenhouse,
2025-08-29,"Aug 29, 2025",International Leaves and Accommodations Administrator,asana,Warsaw,https://www.asana.com/jobs/apply/7089716?gh_jid=7089716,greenhouse,
2025-08-28,"Aug 28, 2025",Senior Software Engineer - Internal Service Platform,datadog,"Paris, France",https://careers.datadoghq.com/detail/6370445/?gh_jid=6370445,greenhouse,
2025-08-28,"Aug 28, 2025",Product Research Intern (2026),figma,"San Francisco, CA",https://boards.greenhouse.io/figma/jobs/5617444004?gh_jid=5617444004,greenhouse,
2025-08-27,"Aug 27, 2025",Senior Software Engineer - Windows system internals,datadog,"Lisbon, Portugal",https://careers.datadoghq.com/detail/6841346/?gh_jid=6841346,greenhouse,
2025-08-27,"Aug 27, 2025",Senior Software Engineer - macOS System internals,datadog,"Lisbon, Portugal",https://careers.datadoghq.com/detail/7116235/?gh_jid=7116235,greenhouse,
2025-08-26,"Aug 26, 2025",[Summer 2026] Software Engineer Intern   ,roblox,"San Mateo, CA, United States",https://careers.roblox.com/jobs/7114765?gh_jid=7114765,greenhouse,
2025-08-25,"Aug 25, 2025","Manager II, Engineering - Internal Services Platform: Workloads & Integrations",datadog,"New York, New York, USA",https://careers.datadoghq.com/detail/7184953/?gh_jid=7184953,greenhouse,
2025-08-20,"Aug 20, 2025",Product Design Intern (2026)  ,figma,"San Francisco, CA • New York, NY",https://boards.greenhouse.io/figma/jobs/5616453004?gh_jid=5616453004,greenhouse,
2025-08-19,"Aug 19, 2025",Software Engineer Intern (2026),figma,"San Francisco, CA • New York, NY",https://boards.greenhouse.io/figma/jobs/5602159004?gh_jid=5602159004,greenhouse,
2025-08-19,"Aug 19, 2025",Data Science Intern (2026),figma,"San Francisco, CA • New York, NY",https://boards.greenhouse.io/figma/jobs/5614980004?gh_jid=5614980004,greenhouse,
2025-08-19,"Aug 19, 2025",Data Engineer Intern (2026),figma,"San Francisco, CA • New York, NY",https://boards.greenhouse.io/figma/jobs/5623087004?gh_jid=5623087004,greenhouse,
2025-08-06,"Aug 06, 2025","Senior Director, Internal Audit",discord,San Francisco Bay Area,https://job-boards.greenhouse.io/discord/jobs/8103520002,greenhouse,
